{
  "processors": [
    {
      "delegate": {
        "processor_type": "minecraft:rule",
        "rules": [
          {
            "block_entity_modifier": {
              "type": "minecraft:append_loot",
              "loot_table": "minecraft:archaeology/trail_ruins_common"
            },
            "input_predicate": {
              "predicate_type": "minecraft:tag_match",
              "tag": "minecraft:trail_ruins_replaceable"
            },
            "location_predicate": {
              "predicate_type": "minecraft:always_true"
            },
            "output_state": {
              "Name": "minecraft:suspicious_gravel",
              "Properties": {
                "dusted": "0"
              }
            }
          }
        ]
      },
      "limit": 2,
      "processor_type": "minecraft:capped"
    }
  ]
}