{
  "processors": [
    {
      "processor_type": "minecraft:rule",
      "rules": [
        {
          "input_predicate": {
            "block": "minecraft:gravel",
            "predicate_type": "minecraft:random_block_match",
            "probability": 0.2
          },
          "location_predicate": {
            "predicate_type": "minecraft:always_true"
          },
          "output_state": {
            "Name": "minecraft:dirt"
          }
        },
        {
          "input_predicate": {
            "block": "minecraft:gravel",
            "predicate_type": "minecraft:random_block_match",
            "probability": 0.1
          },
          "location_predicate": {
            "predicate_type": "minecraft:always_true"
          },
          "output_state": {
            "Name": "minecraft:coarse_dirt"
          }
        },
        {
          "input_predicate": {
            "block": "minecraft:mud_bricks",
            "predicate_type": "minecraft:random_block_match",
            "probability": 0.1
          },
          "location_predicate": {
            "predicate_type": "minecraft:always_true"
          },
          "output_state": {
            "Name": "minecraft:packed_mud"
          }
        }
      ]
    },
    {
      "delegate": {
        "processor_type": "minecraft:rule",
        "rules": [
          {
            "block_entity_modifier": {
              "type": "minecraft:append_loot",
              "loot_table": "minecraft:archaeology/trail_ruins_common"
            },
            "input_predicate": {
              "predicate_type": "minecraft:tag_match",
              "tag": "minecraft:trail_ruins_replaceable"
            },
            "location_predicate": {
              "predicate_type": "minecraft:always_true"
            },
            "output_state": {
              "Name": "minecraft:suspicious_gravel",
              "Properties": {
                "dusted": "0"
              }
            }
          }
        ]
      },
      "limit": 2,
      "processor_type": "minecraft:capped"
    }
  ]
}