{
  "feature": "minecraft:forest_flowers",
  "placement": [
    {
      "type": "minecraft:rarity_filter",
      "chance": 7
    },
    {
      "type": "minecraft:in_square"
    },
    {
      "type": "minecraft:heightmap",
      "heightmap": "MOTION_BLOCKING"
    },
    {
      "type": "minecraft:count",
      "count": {
        "type": "minecraft:clamped",
        "max_inclusive": 3,
        "min_inclusive": 0,
        "source": {
          "type": "minecraft:uniform",
          "max_inclusive": 3,
          "min_inclusive": -1
        }
      }
    },
    {
      "type": "minecraft:biome"
    }
  ]
}