{
  "feature": "minecraft:patch_fire",
  "placement": [
    {
      "type": "minecraft:count",
      "count": {
        "type": "minecraft:uniform",
        "max_inclusive": 5,
        "min_inclusive": 0
      }
    },
    {
      "type": "minecraft:in_square"
    },
    {
      "type": "minecraft:height_range",
      "height": {
        "type": "minecraft:uniform",
        "max_inclusive": {
          "below_top": 4
        },
        "min_inclusive": {
          "above_bottom": 4
        }
      }
    },
    {
      "type": "minecraft:biome"
    }
  ]
}